Title,Channel,Published Date,Video URL,Views
CopyCat vs Amalia Combo | Semifinals 1 - Quest for the Best Pioneer Deck Ever,Cardmarket - Magic,2025-03-27T17:00:06Z,https://www.youtube.com/watch?v=NE9epUMs00E,574
SEMIFINALS GROUPS? SEMIFINALS ME MUKKEBAAZI | SOUL QUALIFIED,MazyisLive,2025-03-27T16:37:49Z,https://www.youtube.com/watch?v=LmxaU3x9G-o,12080
LIVE! Playing ROBLOX with VIEWERS!,Barrage TV,2025-03-27T16:31:01Z,https://www.youtube.com/watch?v=iv0cSUIR44w,58168
[ Live ] à¹‚à¸”à¸™à¸šà¸±à¸‡à¸„à¸±à¸šà¸¡à¸²à¹€à¸¥à¹ˆà¸™ | Minecraft,GOD PED,2025-03-27T16:29:02Z,https://www.youtube.com/watch?v=Lakb9Axgg-4,84110
BOLONDOS SZIVOGATÃ“S BIZNYISZEK | Schedule I #1,Zsozeatya VOD,2025-03-27T16:15:23Z,https://www.youtube.com/watch?v=iH9WJ03VoLU,1316
ğŸ›‘DADA JI IS LIVE ğŸ¤ºğŸ¤ºAA JAO SABHI CUSTOM KARTE HAINğŸ¤©DAY 142(3)ğŸ¤ª||DILJALE LIVE 2.0||,DILJALE LIVE 2.0,2025-03-27T16:07:04Z,https://www.youtube.com/watch?v=4PMmqG1BR6E,35905
F1 DIRECTO | OFICIAL: Red Bull se CARGA a Lawson y sube a Tsunoda | SoyMotor.com,SoyMotor,2025-03-27T16:00:36Z,https://www.youtube.com/watch?v=MNI3BXo688A,3874
ğŸ”´LIVE | MDL ID S11 | Progressive Round | Hari 4 Putaran 1,Mobile Legends : Bang Bang Indonesia  ,2025-03-27T15:57:33Z,https://www.youtube.com/watch?v=jPLXp9xQPAM,36617
ğŸ”´ã€ã¿ã‚“ãªã®ãƒªã‚ºãƒ å¤©å›½ã€‘å…¨PERFECTã¾ã§ã‚ã¨24ç¨®ç›®ï¼ï¼ã€å®šä¾‹Vã€‘,ä½•å±‹æœªæ¥ / ãªã«ã‚„ã¿ã‚‰ã„,2025-03-27T15:57:36Z,https://www.youtube.com/watch?v=t0TN6ge34uI,13855
"ğŸ†[VL PGS 2025 #1 APAC] CHUNG Káº¾T - NGÃ€Y 1: FL, AGG, TE, TDT, CES, WDG, SP, FOR, T5, DCM, QIWA, EA...",PUBG: BATTLEGROUNDS VIETNAM,2025-03-27T15:55:10Z,https://www.youtube.com/watch?v=ecE53o9-5t8,330620
